X1,X2,X3,X4,X5,y
3.745401188473625,3.490808570098726,0.5553987865158589,1.038163570272436,0.26170568373590597,17.124391690816253
9.50714306409916,2.680481831720602,1.6257028421350745,0.9583637552594619,0.24697879907199982,33.31085692536444
7.319939418114051,1.5476380814316388,2.618837507629225,0.051284131612871375,0.9062545805210367,25.290007132753576
5.986584841970366,4.068975098534743,2.1966746592286834,0.6824956552523127,0.2495461998495061,24.277570954893214
1.5601864044243652,3.4236558627693965,2.4196834435843493,0.7603912375717141,0.271949726128631,9.75467945018418
1.5599452033620265,0.8130846967244565,1.976350100132152,0.797645561793801,0.7593982624179637,6.127888502728234
0.5808361216819946,4.554635922469212,2.0768296935535573,1.1603447384546646,0.44973984245054,8.60442388962239
8.661761457749352,4.112686214615845,2.5475869546959578,1.067205093453757,0.7767105569551812,33.67643907051648
6.011150117432088,4.74899956645962,0.7490040265775578,1.2158101855868892,0.06536615756438524,25.78318950304875
7.080725777960454,3.6285975419418,1.4682748909294214,1.5297665230842565,0.4875711936733843,23.988470608966477
0.20584494295802447,3.0670759796789495,0.6636283254588067,1.625971477432187,0.03361360018328263,5.8908563750139
9.699098521619943,2.0912151814530944,2.963004023989941,1.4362461524529888,0.06265320345535452,32.46018113348592
8.324426408004218,4.663642416770067,2.83217801905984,1.9110473919098694,0.906437453344411,32.40325281939406
2.1233911067827616,4.330319447502042,0.1182804341055177,0.03646516535272326,0.13924537111759516,12.54675672407126
1.8182496720710062,0.22609335053094703,2.1167255175470654,0.3915559713670922,0.5324206822752171,7.184212103133061
1.8340450985343382,0.13183487248626002,2.7757449522469972,0.01512574995628424,0.41109560260070654,6.852961867755616
3.0424224295953772,1.8823168343902479,0.5417260353820006,1.294949428309206,0.3473433262588427,11.351536535677317
5.247564316322379,4.052766653909164,1.7038356916578885,1.7960610978999738,0.8998333456872725,22.678811889799054
4.319450186421157,4.936380646574722,2.7464648927641253,0.48696459315259855,0.0218233967754895,19.402176492972014
2.9122914019804194,0.7520844555176409,0.10183793575739652,1.8540690895926133,0.6637896861755891,8.817277567516586
6.118528947223795,2.9706535767606757,2.0922608017405198,0.1205347805791217,0.9633944342135504,22.66654719932921
1.3949386065204183,1.9044542831551077,0.8920470221176523,1.8688720536110286,0.5601681834618419,8.183974808407596
2.9214464853521815,4.8495719890730165,2.7731885861295913,0.7032453744792688,0.9368224620330918,17.460233716058703
3.663618432936917,4.210594615678543,2.9131747354961033,0.20284165689843303,0.05225787928602377,17.84596158206887
4.56069984217036,4.1916435235556895,2.8327994673403016,0.9717435183726513,0.4187933190741614,20.90405725822969
7.851759613930136,2.3434657989748513,1.4226426499723912,0.5135531354410159,0.26015779096205116,27.716734722848674
1.9967378215835974,2.074097511688326,2.5861279529679404,0.5697458039238457,0.7308209649807298,8.825288619550694
5.142344384136116,1.3670353596535312,2.533648195605211,0.6145799298525731,0.9812970904972467,18.400157281811207
5.924145688620425,0.2818774832546356,0.9573014197297669,1.6060517956653269,0.2565300624442478,19.123927847193034
0.46450412719997725,4.323611881275266,2.486746422452032,1.078322553350509,0.6541746014740745,8.960308834063442
6.075448519014383,4.064505045650388,0.11102290414647786,0.6226153983120073,0.19809763275974013,25.611065313373246
1.7052412368729153,4.998588366430653,1.7888096354461591,1.2206675666218367,0.5653302545716099,13.604575234751593
0.6505159298527952,4.983184185369527,0.6900265118631091,1.4323013484463871,0.4639324866883362,10.009738518498427
9.488855372533333,2.7771585280131372,0.36170065733183643,0.5452480014670675,0.9720053296315371,34.18845681275191
9.656320330745594,3.8449370759025525,0.23085960488762747,0.827098203050703,0.6085272726964666,35.014108983189786
8.08397348116461,4.72382864941214,2.0888663276344195,0.2437721866738951,0.3495063720868188,30.630541952427734
3.0461376917337066,4.248236953387058,1.0196248913041983,0.36229869906936063,0.11409578488793337,15.404749433781909
0.9767211400638387,1.2367405087159882,2.1743003145862843,1.3622357079299656,0.15124682873493456,4.115994952826517
6.842330265121569,2.2527206765504677,0.1960690223968271,0.3628766953912539,0.2253169299512351,23.343552000191643
4.4015249373960135,0.6457970757574749,0.945871013491831,1.0503267673341203,0.250966661340298,14.154235085778883
1.2203823484477883,4.770255136293612,1.6184738771260117,1.4180925234448654,0.8506160578411378,10.44941785770439
4.951769101112702,3.0308731722544002,2.3721694945168905,0.21375384618948767,0.5612227882825249,19.374266926221928
0.34388521115218396,1.1432140275173137,0.9562575087962097,1.134624439257807,0.5233909113743664,1.11455746346592
9.093204020787821,3.3585034220292838,1.8776741293110273,0.5131255674027275,0.11476887186921747,32.588045338714934
2.587799816000169,3.090641202289479,2.6579332447085613,1.9258537504751596,0.860139693349435,12.830636573471669
6.62522284353982,1.7908135901642024,1.8475895645469138,0.9670912934398495,0.7228143032084837,22.106207436401814
3.1171107608941098,0.5677879609981451,0.6988784242609013,1.6119850995503162,0.06766836190000158,10.896094073561951
5.200680211778108,3.357865977963998,0.07320234466961406,1.1004530843125235,0.7078350972297687,21.930327288521763
5.4671027934327965,2.6015385045189667,2.6102966217027896,0.08682506570963833,0.5435382173426461,18.967825381379186
1.8485445552552704,3.8615919586781966,0.06380823255116141,1.2663027511880447,0.08172534574677826,10.61615949809028
9.695846277645586,2.600817505559967,2.624105018052598,1.902806684413314,0.45830064152865646,32.448773062253736
7.7513282336111455,4.2609075015927,1.586811402081636,1.2032236402926624,0.484696287130047,28.947790995678645
9.394989415641891,2.759534193872428,2.8172030955386886,1.6383777188535804,0.16577454016327575,33.2366316497477
8.948273504276488,2.8046898576769315,2.3963497073209963,1.7684129266968156,0.9456981470002823,31.3308782340722
5.978999788110851,4.383268013291725,2.9938023316000124,0.45615954389786495,0.8499753714806619,24.67237422869986
9.218742350231167,2.0174143310619854,1.0521354463551305,0.4240896798164533,0.6690223373291083,29.012997351544282
0.884925020519195,0.6700761422532037,2.3015648667933806,1.2219619777019834,0.4622955610006072,4.52645508564692
1.959828624191452,0.14391338156669486,1.2057927408277265,0.8220569396134094,0.4117655415845085,5.06198032086318
0.45227288910538066,3.775686278368095,1.4396268609117264,1.6797226057334407,0.6509734671509542,7.40576744871009
3.2533033076326436,3.1015477567673235,1.8825163896551103,1.8000462467960223,0.5454318694069055,14.96232443071056
3.8867728968948203,3.5203988404961177,2.621031342559016,0.7068427586054362,0.062273105881885615,18.33271210020823
2.713490317738959,1.0648208075445535,2.9522504075978855,0.4737411179489641,0.5125026487703317,8.685133089799761
8.287375091519294,0.6818573779338488,2.3048202415935544,1.5610510304877236,0.8064036172328395,23.26860099425425
3.567533266935893,0.07272332833940964,1.2533003465020012,0.5496120710962722,0.45923987759695806,11.225154276868967
2.8093450968738076,1.7529377940329849,1.2640710068312107,1.6452286370273568,0.05195657755426841,12.88393145195889
5.426960831582485,2.9495884342731653,2.2127469047666746,0.8474765072975257,0.7862781993840331,22.337350598788657
1.4092422497476265,1.9612202254986615,0.716331437304907,1.335099798582941,0.2013637821359744,7.479898393833485
8.021969807540398,2.1873746101186455,0.331422339394184,0.19107062766933636,0.2586208348880388,26.984645569611136
0.7455064367977082,4.520793472468742,1.0638664729223297,1.247718649353146,0.1647063534322959,9.907185292449695
9.868869366005173,1.7412773351165018,0.8617169749622452,0.9035353574744582,0.33021506487149754,31.410085433421553
7.722447692966574,2.569947445799054,0.8889243613679703,1.1732169263509482,0.756751505688635,27.876997769798837
1.987156815341724,3.9182650637057153,0.7008232531497298,0.33602841548972684,0.5193858595039373,12.604031130502342
0.05522117123602399,1.9827139116063508,0.12627956890908565,1.4737474898883642,0.20488127415071256,4.302384925691834
8.154614284548341,3.1104335011393673,0.05362180420024143,1.725594155086457,0.8778300781520408,32.32806818334117
7.068573438476172,4.311818543733726,2.9631671692080945,0.4334796001815513,0.8795818549515292,28.505655025683637
7.2900716804098735,4.747603118288211,1.283319401207587,0.19142911104032345,0.8705784250460069,28.917945305477442
7.712703466859457,0.7353674046451897,1.1529799414790451,0.04727717209267279,0.23879621138153928,24.334985301044927
0.7404465173409036,4.632938125807472,2.0389418480792094,1.283943000886532,0.4512393441809881,7.627290507935293
3.5846572854427263,2.460581465397691,0.6547616635951925,1.2141880721775615,0.9849896561408751,14.242625751406093
1.1586905952512971,1.2912219414947916,2.849883551850676,1.09339482542814,0.7720124763099904,5.38962849803797
8.631034258755935,2.2956787811913064,2.359035043246656,0.46389419223195083,0.027167421225559818,28.826116260732956
6.232981268275579,4.900162876427386,0.26823300693677854,0.7818119918110293,0.06520459126049205,26.23414528713178
3.308980248526492,2.463090469964348,1.252742327354785,1.188952670372346,0.46393137681233276,13.031122206549965
0.6355835028602363,1.643758051437541,2.637354922686494,0.9935337177183388,0.9092202058615602,5.948028355992272
3.109823217156622,3.167004271583629,2.834196066874231,1.9755710404297746,0.5387017979527142,14.349534022739864
3.2518332202674705,1.2007280938909655,1.4022045337496092,0.27287950511346626,0.4978125080342902,11.79619773451739
7.29606178338064,0.3793166405433196,1.840234167632123,1.3902891080951876,0.10547369995663058,22.1820024444223
6.3755747135521315,0.6443986095532461,0.5011018382762257,0.8086375362085843,0.656780104724294,20.576902791207388
8.872127425763265,0.6402291947888622,2.9735058784109296,0.8563992298512295,0.8221031606002255,28.812875914440838
4.722149251619493,0.7595134675614718,0.6950151041503302,1.4351955313163525,0.38042000750756233,14.628797744243569
1.195942459383017,0.6941358632470507,2.828195322405377,1.3848723026487393,0.7756118509253275,4.358720609407034
7.13244787222995,3.2043737240160732,1.9489399469771054,1.9825119874043766,0.9644766539008116,26.382416500887697
7.607850486168974,0.9094004219957241,1.8232103846365773,0.25678857890825046,0.2037664591276891,22.943664397591142
5.612771975694963,1.728336416619316,1.5380655330495259,0.20821929876833267,0.5233296311947413,18.873227507889737
7.70967179954561,4.483942049530059,0.6920094351532761,1.4486776342574823,0.28713795808457554,29.52227657842955
4.937955963643907,2.3698082013143615,0.5295840960165248,1.1567738340128182,0.7928544190338394,19.63939658313291
5.227328293819941,3.3377886926051357,0.6614586272105261,0.5483213331196117,0.5775933658811575,21.24002593231003
4.275410183585496,0.8615993560081492,0.5593147864327636,0.1588387379779732,0.6345824175503038,14.629510704911409
0.2541912674409519,0.9614450940433539,2.33875342070026,0.17131649919286107,0.7979141596158941,3.454596485363806
1.0789142699330445,0.20434308133239432,1.0503757775001903,1.7883817493282366,0.3959704726624549,3.603870879729556
0.3142918568673425,0.8446753153608227,0.1735280296901891,0.3837346494374858,0.9150900684070432,3.0578984277756724
6.364104112637804,1.3929516951597931,2.907307890422434,0.6467431242310415,0.53302886724614,21.345032561343675
3.143559810763267,0.8850524213837341,2.651357654890277,0.45331280445397604,0.157954822835348,11.102597825182704
5.085706911647028,0.44351266878527806,2.783256849585639,0.7099926116638746,0.6958991181688025,15.687580639591822
9.07566473926093,0.603179355503004,2.9847234679393058,0.13884768549218673,0.7932613504382544,26.089576767979995
2.4929222914887497,2.303893840163629,0.5216857476584619,1.0381195818165407,0.31676167706752667,10.95870931105915
4.103829230356297,1.0316685920289625,1.1887260567079763,0.1352251271844298,0.857179256998753,15.71032834371165
7.555511385430487,1.8213493052403773,2.274715427112274,1.6007130156447231,0.9061432547657664,26.777845143776503
2.2879816549162246,2.5170863542742845,2.088061854161377,0.46742416382086605,0.2769044873778089,11.743424224440176
0.7697990982879299,3.4519741431468267,0.4616877190195652,1.0800238292090212,0.9835214727152221,9.215249967747859
2.8975145291376805,0.19656069920549468,2.447499374971853,1.7601581751229165,0.14071152804875842,9.1463979912071
1.6122128725400442,3.997051994545213,0.673321715509982,1.3017547380943884,0.20201566840248997,11.130540151044793
9.29697652342573,3.139501947454539,0.6714528444678692,1.0659155731026706,0.18422483923802613,32.074643015643666
8.08120379564417,0.40879515974435954,1.6109232686802408,0.6486675062307512,0.8939897100078704,24.987726125525935
6.334037565104235,4.3678931205338865,1.7788198045251096,0.6660038261163959,0.6542925523249619,26.496869802047158
8.714605901877178,4.604362002659066,1.7402586235134336,1.3389739103963803,0.15210428322227287,34.33029728840009
8.036720768991145,0.30538979927431875,0.2744605121932646,1.988278722442335,0.440323418368349,24.64896243938809
1.8657005888603584,1.3843882407360186,2.632382587891141,1.3236783796987572,0.615298025069802,7.531143875368592
8.925589984899778,4.031006398965307,0.7968001277661182,1.1155668347400498,0.08346408498938329,32.86553955449858
5.393422419156507,3.7412984519182917,0.3885447638484125,1.4613010204784922,0.8824163684073387,22.834629868479745
8.074401551640625,0.9226050967818866,2.6662442396069315,0.9304112245674363,0.8036035354415352,24.565059251681927
8.960912999234932,1.0467466166835515,2.86695449468926,0.12028468520157043,0.5052067735766382,26.409281356381204
3.1800347497186388,1.85236051395691,2.586382851796352,1.1245936317558196,0.9671266152591704,12.251671478229284
1.1005192452767676,2.4226149259551066,2.428548224174634,1.9152505690107604,0.4177609792750997,5.923648188486354
2.279351625419417,3.0912738576514798,1.9657259419170652,0.3506058847153193,0.9841103190364978,11.458880624606408
4.271077886262563,1.844568197848862,1.652572111827418,1.3800097816413315,0.6679199988036271,15.766265636145324
8.18014765922493,2.3126735806657397,0.2609602797342304,0.40186737731811295,0.6346712732539415,27.87354057627736
8.607305832563434,3.7373546906687825,1.2253596392120962,1.0716553689461625,0.165954895295785,32.96339451581211
0.06952130531190703,0.1834160144529895,1.118065551036942,0.19335289929343924,0.881927758304644,1.2513965813698473
5.107473025775658,1.2621847217201037,0.7792613512809786,0.9007418725163703,0.42748968792061515,17.729915363478263
4.17411003148779,3.566747929422762,2.170260341065755,1.5123266577904921,0.16223340578247936,18.575775835532156
2.2210781047073027,4.476034188435997,1.4876272052363124,0.6951430484779642,0.01260751997575904,12.244756238983015
1.198653673336828,2.5583872105783305,0.2431386477229438,1.329823448974436,0.5597556836383826,8.752531465117439
3.3761517140362796,2.6605674263265784,0.660549605849434,1.5908999215794584,0.5273996221226763,14.307241806124585
9.429097039125192,0.5358600566988803,2.0497762909787878,1.8543556389589053,0.7193536223691586,30.12123863084969
3.2320293202075523,2.237061834117273,0.22839257847090055,0.4692841637109071,0.8902580530178021,12.424952505267314
5.187906217433661,2.6630863322751157,2.553620742146306,0.7986318316186163,0.07940658464302952,18.04429267701911
7.030189588951778,1.2123525181736483,1.485439581041923,0.30483202666083486,0.7314964903403623,24.092735447311014
3.63629602379294,1.3462161547469047,1.441759731979944,1.9849670043167504,0.18741194409758222,13.398327801645484
9.717820827209607,1.8864208155231132,1.777223353978553,1.8540019358485906,0.858177053157164,31.510130677134566
9.624472949421111,0.10035598888863184,2.4740428977754476,1.0799142605611192,0.8190635138616561,28.563821507252417
2.5178229582536416,1.6103958279158914,1.0434276237065792,1.6840665887528425,0.5407937549855444,11.364894278542303
4.972485058923855,1.0572400349827231,2.0340484576771907,1.0419159545440844,0.7102427986233115,15.669024735689979
3.0087830981676964,1.6374867608895731,1.697195891987373,1.2471713760055194,0.3143501131837484,13.282427445685286
2.848404943774676,0.5988106590962561,0.801084810508264,0.17824886423203323,0.47116789893281463,8.778394034786952
0.36886947354532795,4.452636403699475,2.635889959065474,1.5105408409936159,0.8216368977104717,8.834773400648816
6.095643339798968,2.9679622677702433,2.3922780648207844,0.25542696727046965,0.4592651971732139,22.63988754388989
5.026790232288615,3.395511595722448,1.9753555039752766,1.6521352605050568,0.3577982653254418,20.955724654194583
0.5147875124998935,3.9458561930366916,2.5517451872827257,1.5640561753407718,0.4942124472502999,7.166139048565675
2.7864646423661146,2.492210994645286,2.601882602879407,1.4174893954859529,0.8282492524372184,12.349042139212587
9.082658859666537,0.43460144043711846,2.1250889301451044,0.07232076104952423,0.33520804737087273,28.108401938736446
2.395618906669724,2.685532709092739,2.511039985091016,0.6062567118906572,0.1737615931357438,10.299849124434681
1.448948720912231,2.9342055901043955,2.092414385007851,0.5262251398216857,0.7120140203307808,9.844985903478802
4.89452760277563,3.72719737092165,2.0404223152809013,0.7202728149430382,0.8259782127080818,20.17415440459182
9.856504541106007,2.158297731148397,1.855834134645553,0.17528549352767708,0.10063747852353333,32.62867904396237
2.4205527151150044,0.6379015139778188,2.258149918672924,1.8739156460621256,0.23987411275594472,7.344098098081202
6.721355474058786,1.4188795289936222,0.4758153158792211,1.1076044814247525,0.1419719897609939,19.801038051751977
7.616196153287175,1.8154114819931755,2.6426122775967853,0.6110486213160471,0.3479414115821666,25.554648626042205
2.3763754399239967,3.229586206658006,2.615530583235696,0.7939630341485668,0.45035097890541265,14.611296540824622
7.282163486118596,2.8538915233445596,0.08774184910367744,0.8944050810096713,0.7488263369633065,27.286345199752304
3.677831327192532,1.7804836294892312,2.477450251694288,1.2011886667212346,0.6511475848816741,14.010532838517886
6.3230583059357945,4.932576243964898,0.3866096024203356,1.0313588553929955,0.6209285674784312,26.415612738285677
6.335297107608947,3.0288740967844356,1.0053565627774257,1.8387839464288347,0.3523749466096544,23.74785583412037
5.357746840747585,1.1861339586799724,2.2305247688748233,0.9939269658116605,0.8414475530847599,18.820284351980305
0.902897700544083,0.5089123631020187,0.4822796881449246,1.9843160296466253,0.47128716739816456,2.5268924146755145
8.35302495589238,0.7642956959216601,2.4539010723571866,1.7028499154901915,0.9791049380151545,27.80939257523608
3.2078006497173583,1.2297886419225406,2.496402533873226,0.4170210287146716,0.6341421382957368,12.500537296624998
1.8651851039985423,0.8034068662977784,1.5224032012825086,1.8611904292878325,0.12626474156450274,7.581983707932481
0.40775141554763916,0.9328351202565288,0.01915761515050074,0.23273279577095218,0.676177562075434,3.399071446875155
5.908929431882418,1.4254758434692354,0.8611143995247383,1.6348994169823832,0.325104015431699,20.047170726260948
6.775643618422825,0.8668679764737741,1.8507807551272266,0.7612465869531602,0.6863271966860974,22.643257654289005
0.16587828927856152,4.483827123132126,2.9435585340822703,1.755948640890139,0.06964114816240574,7.850010260356454
5.12093058299281,0.40116872830821104,1.8954405810500052,1.7361133802149007,0.1748814371759594,15.697944849087705
2.2649577519793795,2.6225569478512734,0.7794107431924794,1.6118508002352423,0.8557372589057863,10.582975534271043
6.451727904094499,2.0519841349483077,1.902017109298834,1.5800608726141228,0.2271795570235149,22.648605988479705
1.7436642900499144,4.911893084543032,1.6199561391475665,0.6093582781960816,0.83704112524294,14.566373211080949
6.90937738102466,0.5601945108402617,2.3395361854534307,0.16183856610250436,0.27927608845441043,20.468954877907674
3.867353463005374,1.9892779952287083,0.3209419164808752,0.8059603575303229,0.6428819100587077,13.439893071136098
9.367299887367345,4.847352166376845,2.283083707506084,0.34704902997301734,0.694150573509831,35.884764039658734
1.3752094414599325,4.327535629469901,1.6237997360283307,1.3899021778049234,0.5126547531450529,10.924146847013194
3.410663510502585,4.0853603547464,2.888976011576984,0.6921994530755711,0.3053106766967313,16.68602806634613
1.1347352124058907,1.289514135224699,1.0256164981160583,1.9512204017198298,0.21264437637109612,5.688752226148769
9.246936182785628,0.8544379369503291,1.8978656794018445,1.281944154690664,0.03318935456242622,28.815857876428783
8.77339353380981,3.343216099622155,2.7960843165300524,1.644961127268722,0.3039464012407238,32.9768413900851
2.579416277151556,4.646879945637929,0.30752918397203777,0.26504934548369685,0.653162790531283,13.434246166700689
6.59984046034179,2.783814465069649,2.811685461709353,1.7240289645452451,0.9383048184484827,23.615898463073837
8.172222002012159,2.8580634473494992,2.06365716690244,1.8455143810267887,0.871204482263052,29.136108658043206
5.5520081159946235,1.3998954683014209,0.2035111773155157,0.9741238376378718,0.7660647765353026,17.495711127549484
5.296505783560065,3.8474646659596843,0.9028907008404488,1.2125058755019549,0.7884473432532987,21.879083616814295
2.418522909004517,0.9352187427876169,2.1245162659358447,1.5296196018059909,0.6649849034759953,10.65235945866099
0.9310276780589921,1.6183961820212183,0.2020518044063151,0.3496772545208251,0.260286857566003,5.371707224287767
8.972157579533267,2.127182193082084,1.74651138052882,1.0051321529268848,0.9071950307058299,30.791544449294527
9.004180571633304,2.538051893422275,1.0376491708588702,0.7973260555446262,0.670732311905834,29.894820945813663
6.33101457273268,1.2120486620754012,1.8627465533024314,0.2927479843244982,0.56044063098044,20.47497561876188
3.390297910487007,0.5741841236960177,0.13722610143753855,0.7350688445830629,0.11098946921348107,10.712468271287852
3.492095746126609,3.0531002122081627,2.614610418457129,0.13634461877098714,0.4470555438064254,14.96175023183905
7.259556788702394,1.4431527662012789,2.920466907532191,0.05162381389897397,0.4603582712019263,25.455222446013835
8.971102599525771,2.9061911071130613,2.9066335658570743,0.2703325783096455,0.86456360952267,32.26256732473337
8.870864242651173,0.7718135763710116,2.248955495228774,1.9262302231783477,0.5466482201877885,26.9321792456669
7.798755458576238,2.4057005092740873,0.3902587203918959,1.099059071790034,0.38040054897040965,27.441522192557056
6.420316461542877,2.6629471627579293,2.2747895877870676,1.93164432230644,0.9768003285106593,24.24199204151764
0.8413996499504883,0.25911768411213454,0.07376074937640453,0.864995756660264,0.11072059332631567,4.1083848112040915
1.6162871409461377,1.683021390969603,0.06637065458699176,0.6236322661705191,0.4225484283119446,9.165208410017163
8.985541885270793,0.6720733846948712,0.9708306574486237,1.0122837256804882,0.04202467517140529,26.970653878612524
6.0642905965958995,0.3168748523638387,1.4659295712139973,0.8790233772658202,0.7399041207669304,18.227278617506585
0.09197051616629648,4.949801161949726,2.3112222534233795,0.21132936852348783,0.9180765521991506,6.902073708608438
1.014715428660321,1.6117692248736148,2.0498861298195155,1.2816526293804125,0.28003732955048943,5.367798928959649
6.635017691080558,4.049372229273175,1.337708119130245,0.4320763650191992,0.8583416767991209,26.87464062999733
0.05061583846218687,1.2732032738188193,0.8208799988449976,1.2391759097956592,0.29221823046189777,3.19509605793484
1.6080805141749865,3.4075136111196462,2.9913735004731334,1.3004021847963068,0.9107701616439152,10.314946016383864
5.487337893665861,3.8011392994484328,1.278543906707919,0.3040497062572962,0.7539619035967839,22.220856058713782
6.918951976926932,2.9781937030392216,1.3541610729890263,0.12269925422133632,0.8049067768414386,25.778357866009088
6.519612595026006,2.357880942750792,0.49087146357500755,1.5615231721368796,0.0180065556004545,22.269519575374414
2.242693094605598,2.059204570736343,2.384428646249788,0.9196008475386404,0.962810357074026,12.387830040153094
7.121792213475358,1.7443413327149764,2.081046677344466,0.11632759101095158,0.7266709920703233,22.737563108415642
2.3724908749680007,4.64764572123913,0.6623088383662812,1.9897326343395343,0.3047510953861333,14.426057333351487
3.2539969815926773,4.153097038938646,0.2471431368475281,0.11556112199273327,0.8293946648588469,18.429940054845062
7.464914051180242,4.825134553332563,2.0414979062241394,1.3900704577171064,0.28152119841492995,29.78000442730703
6.496328990472147,0.6214861174277236,1.9635336428434056,1.9673578505268272,0.872753839566128,20.6675540323396
8.49223410494178,3.6543373760182214,0.819778580994628,0.47836020843185123,0.11258039041193701,30.65705315124821
6.576128923003433,4.691702284105189,2.852590686751231,0.28449873737439235,0.7036859774607958,26.937391502136073
5.683086033354716,0.9061653308283008,0.4531736753427007,0.2427698788448578,0.5406984766449103,20.051703809305586
0.9367476782809248,0.3324813368338875,1.2970044031278056,0.6065502951351911,0.09653447019544081,1.1453703638618191
3.6771580305943354,3.7056032464502953,2.8308477605027966,0.20209162202129338,0.24189382825883898,18.244259576884193
2.6520236768172545,2.8723655658995595,1.259181950778367,1.3843226833882638,0.01240403627731479,10.846864244989614
2.4398964337908358,4.20914388379136,1.9155778429922568,0.12458359626012538,0.46876796546450583,13.601136780557386
9.730105547524456,0.6988618831314475,1.1927831938883828,1.0188442562995794,0.3012652607600004,29.959997677351875
3.930977246667604,3.976336559299451,0.8226456070460101,1.9933937077059536,0.5983574842977588,18.645168590871588
8.920465551771134,1.0081366002387226,2.9519329438794846,1.6279405390120376,0.2972378077086172,26.82409610764205
6.311386259972629,0.8182797143285225,1.228002018945129,1.2304388764620218,0.2999191115069847,20.77371057324611
7.948113035416484,0.8213289896549647,2.682297611037403,0.6125072415732233,0.7431931987316034,27.472238813384557
5.026370931051921,4.07287360115691,0.6898638176732586,1.247791672583277,0.04814283597835345,19.849320608287496
5.769038846263591,3.3259861034810005,0.6393141120752499,1.0540829278233033,0.9028949951919872,22.93724935921866
4.925176938188639,2.6153271238455966,0.09340224865353408,0.852166767780743,0.8522638743911815,18.462671259733295
1.952429877980445,1.7941524206175123,1.9550004761276552,0.26142075348039895,0.6678046832264065,9.308307812673842
7.224521152615053,4.386002704065541,1.1055790311712834,1.7732084304809335,0.5932215701073843,28.568326076412916
2.807723624408558,1.962225537113177,2.593074749518911,0.899569297642645,0.8923024981396522,11.171173518920956
0.2431596643145384,4.082997197357885,1.4196297200746715,0.38924502364153013,0.18533017952871444,7.4345121636158735
6.454722959071678,2.195674542851092,2.904580283744165,0.7355187017545792,0.07896916219082861,24.501513382373833
1.7711067940704894,1.884722147124538,0.5565765471093634,0.8282595050578541,0.2395101699095381,8.069254896125743
9.404585843529143,2.313398928348032,2.6058695038668325,1.6550757911337486,0.7945782787001903,32.800903004607754
9.539285770025874,1.5068893708207103,2.329790558375225,1.467228761122804,0.03467026672648332,29.602253541800767
9.148643902204485,3.7380469008812556,2.312765533932156,1.5386097872826796,0.5828068350834896,32.38796909865908
3.7015870025544437,2.513601950462396,2.534349684350663,0.022062528857294428,0.9954375161913099,15.845288969332957
0.15456616528867428,1.1610634757340865,2.2830719728289965,0.832307996359523,0.8556960938375394,4.117257784921888
9.283185625877254,4.497872866372842,1.8786609648942463,0.9626883032706472,0.5214456890435895,35.212702370498484
4.281841483173143,1.9194561068660572,0.3937346330471627,0.03838455364611337,0.06364090928664234,15.443471033938685
9.666548190436696,2.717764305569943,0.09757853847375575,0.5196264174900684,0.8313735143857098,33.49126919228121
9.636199770892528,4.532360554822735,2.7625435434470607,1.52057964624427,0.5989785081772105,34.75622166503058
8.530094554673601,3.1211899795699605,1.8499509435622141,0.2742194114579981,0.11493299705956683,30.93405045826089
2.944488920695857,0.5844902035418204,2.389611872928529,1.0706202629051833,0.0938572848233562,10.63946377213539
3.8509772860192526,4.699160618067376,1.44456705453765,0.430403744034475,0.9096268194365924,18.604395862044036
8.511366715168569,3.138540265357089,0.35192456688718343,0.024241549287786546,0.6692002629380784,30.106468527250875
3.1692200515627764,1.6745280732854306,0.3755573766076513,0.48240291519908296,0.8292867993167555,12.699973893926902
1.6949274668609249,0.6963603633169363,2.056695861686914,1.9517475098201076,0.8789789002822673,6.132092659658717
5.568012624583502,3.9701259463514798,1.290917684698388,1.6030742237659792,0.5717723520483222,22.878980354676063
9.36154774160781,3.1003637796425676,0.6015741801010102,1.9191532886420668,0.5174463517550413,35.09363385933132
6.96029796674973,2.6673054598816077,1.4747836402243106,0.9757080878527249,0.4304274103209902,24.8500400944861
5.700611700893649,4.4694629152547884,0.19262681122540226,0.219472397355007,0.3169465877911193,23.60616261743747
0.9717649377076854,3.9429860561226535,1.7459142057431962,1.095918977947386,0.43459596085871177,8.399530072101234
6.150072266991698,0.7583743986637559,0.806980213305293,0.9087546691199218,0.7738796557301564,20.71891019833574
9.900538501042632,1.5586103389777413,2.3926773019115646,1.688714165479232,0.6019234310151316,32.15926855388397
1.4008401523652403,1.2424456990723287,0.9310858767707213,0.19616516156848918,0.8925232899548461,5.863077612360211
5.183296523637368,3.719731462863385,1.3656604472454035,0.9764822740435564,0.4433800143791877,22.67248080466979
8.773730719279554,0.1676621736788969,0.03486161972430191,0.3000973293879685,0.607089578718754,28.29583321223002
7.407686177542044,2.8494484243565825,0.21734066338367664,0.64935185378012,0.6313075530919887,26.212461379968296
6.97015740995268,3.8122934287034527,1.1774806692200546,1.4747141547755993,0.5916971623063255,25.058221002705768
7.024840839871093,4.383828183808747,1.4398165041513704,0.9520362587375331,0.7026337730855163,29.00909537170608
3.5949115121975517,1.7104087435795372,1.8000616443579112,0.7517765702915387,0.23743346837480628,12.78443456038936
2.9359184426449336,4.1062865233600645,0.8749877361279097,0.7889525571400706,0.5123637775457907,16.013992600910562
8.093611554785136,0.5531586847760361,2.0849456583796275,0.9188935368119733,0.10422480280834767,23.192581275211804
8.101133946791808,4.232261458672591,2.5803671915676136,1.5700330876741138,0.38451132764481255,31.73664703050603
8.670723185801037,0.6374433116599121,2.339552966680049,1.7841693778804688,0.4876670686212644,26.000996129922832
9.132405525564714,1.9864364528018363,0.11885647604507144,1.9106693730078566,0.6522242595454725,31.433747504736154
5.113423988609378,3.986476828897768,1.4415208417734868,1.5738067725105902,0.9505310525862035,21.80952580330432
5.015162946871996,0.7495871367438689,0.3147905352545246,0.6308137914960255,0.6006510665483559,15.516255659609326
7.9829517896677515,1.1462569761632073,0.7261350475875824,1.3762694121730843,0.7435939161765598,25.633001478409565
6.4996393077776515,3.611262841965331,2.9599877798014393,0.8752062481107838,0.5062660594952028,25.855263672985256
7.019668772577034,3.600182682730372,0.4274866287045397,0.5093412440921024,0.6341040313763313,26.88222681063006
7.95792669436101,3.2057381644264864,1.4966644603540682,1.6817431588518452,0.07093221613377343,29.302266418262132
8.900053418175663,3.4697422223355003,1.8544672029543574,0.07685269792464999,0.254391580841847,34.008409962966645
3.379951568515358,2.713622216737981,2.107394911632312,1.803523984270847,0.3618530932051387,12.826972965544565
3.75582952639944,1.2589952945347638,1.6789460504607423,0.9229549292494683,0.47249335500651357,15.009440773472345
0.93981939840869,1.7284799675195972,0.029312542257550978,1.2744029536165609,0.045648745502383736,5.539358456779871
5.78280140996174,0.9079885840071283,0.9793839247319757,1.3187078444115654,0.14002409755331768,17.88161510634944
0.35942273796742086,4.542252806668142,1.5531349301541342,1.7902354814130728,0.2768143077913058,6.699740952061138
4.655980181324601,2.916958973830602,0.26359949743450006,1.2733393643344146,0.9715326909010507,18.640024959393198
5.426446347075766,2.0042570838181994,1.0518807936275423,1.2278671695201235,0.33134700710305076,20.373048282430577
2.865412521282844,2.3100290182206633,0.0996093263740997,0.13330408112137992,0.48204105811208253,12.174752499858034
5.9083326056901075,4.7364166980590765,0.23573549146506223,1.0368160438904082,0.19609771273839294,26.438826650775482
0.3050024993904943,0.766757015580401,1.1907698286047883,0.3003380016340833,0.6107800710757683,0.9193573670284099
0.37348188749214417,2.931149160083986,0.39814726212918106,1.4748675374429712,0.2806832155159743,5.645422062514344
8.226005606596583,2.52944339442233,1.7026225447846746,1.024443841625349,0.20699257843842678,27.323284756229338
3.601906414112629,3.0572711771732393,2.0683949074117973,1.3604555584167066,0.5165726284459791,16.013544204945703
1.2706051265188478,0.09055091910420254,2.401760097327249,0.08334580120476853,0.005505799160420821,4.837282047890358
5.222432600548044,4.360619544720757,0.6004507327344303,0.16958403209160644,0.0076640326492253275,21.79129734136883
7.699935530986108,4.660591412418062,0.5024477467772093,1.4326467761253645,0.21906880910185778,27.59601425950921
2.1582102749684315,2.825665917946045,0.31370352100320076,0.14416867199734673,0.03672136250082114,10.930438529871266
6.228904758190002,3.483254119384461,1.90929074863091,0.1425134555305172,0.10802575413069138,24.402346882445553
0.85347464993768,4.612496905886479,2.1194271794607036,0.0242169504697749,0.3388606493387516,10.052894388273831
0.516817211686077,3.536193171566993,0.09475843447692611,1.9130027965989602,0.8025856795798129,8.491816424020781
5.31354631568148,0.7626952145713067,2.8086367387310696,1.475016718918014,0.5720486433693008,16.299652410937
5.406351216101065,2.881441800834066,0.15591385095441723,0.7065028170041283,0.5126677259564164,21.47776631798295
6.374299014982066,3.0335752319142797,1.6238890059032114,0.5930711625753105,0.29348882320812164,25.012511816899654
7.260913337226615,2.12065335651193,2.127181558352749,0.6994064594916991,0.9317537194328164,23.651009322157634
9.758520794625346,3.6822211781236143,2.612907371238257,1.5493070623623637,0.39701504123719167,35.317053497599034
5.163003483011953,4.671835073845074,2.1422607963972835,1.3227412221408288,0.08709276679577149,22.036129612193683
3.2295647294124596,4.627842564533882,2.4051842492093756,0.3703911357349359,0.6170665161178013,16.85746861999546
7.9518619476870365,2.2541968570206605,1.0183505776284183,0.3482186706681687,0.11383839347660141,27.641476808868738
2.708322512620742,0.5661902292037763,2.444475341239537,0.19679129942679463,0.3452231428016921,8.659635888955185
4.389714207056361,4.924205994811673,0.24034453915402543,1.3206054394026763,0.5074119387178089,20.133449503583886
0.7845638134226596,4.194490432229671,2.6844499681815828,1.5287453244434719,0.8742225246851758,9.1166907684431
0.2535074341545751,0.6233134060163342,1.6427771284612087,0.530092856650008,0.49354658034011867,0.8550197627954834
9.626484146779251,4.604209413086862,2.451893309887481,0.041889922061825624,0.7022587660316643,35.05107081409869
8.359801205122059,4.349481810310642,1.3569548535549005,0.1643433349528547,0.9928168389990704,32.77940803328818
6.95974206093698,2.5941902856303605,1.930733085589575,1.935720069690061,0.13148911989798162,23.68746213604682
4.089529444142698,2.9563771787246464,1.5792079828083396,0.5908895549548405,0.2747315255195195,17.506832364184035
1.7329432007084578,1.9950135193506513,2.1947685652659956,1.5384462956762672,0.3945760755976464,8.851229211804124
1.5643704267108605,0.27380819411015667,0.24488994609176873,1.2493271377085275,0.42182817853883137,3.5889309317766354
2.502428981645953,1.6759862082295047,0.1810562519716914,0.7638792793057918,0.41102107526554577,9.549212142579233
5.4922666470612045,4.014267242990057,0.7413097020304393,0.4113745243911102,0.9076110025565549,24.146115709994348
7.145959227000623,0.023160115023014294,0.478634040339565,0.24277283631881286,0.7140326444668564,20.848468644630138
6.601973767177313,1.667495858455721,2.615350699776605,1.2300259360777333,0.6079052140907037,22.146713433951486
2.7993389694594284,1.9908434679547167,0.657641962074133,1.549267561275576,0.3093727178627821,12.001029362493647
9.54865280663194,2.6869780146896143,2.927595767457394,1.2878085070822614,0.8237903842212947,33.87171114332349
7.378969166957685,4.599278082063803,1.0106873753133205,1.0606042664983166,0.9550605114849889,29.261815993666755
5.543540525114007,1.7317299718298063,0.5463537470660979,0.08390244686327253,0.8211982825502265,19.041305479670203
6.117207462343522,1.7347660094811386,2.3690955214274374,1.9369775551887676,0.0015651051914729042,22.37692381554652
4.196000624277899,3.6875062405487418,1.9761233265026283,1.5974283833091492,0.636401370183407,20.17636158254609
2.4773098950115746,2.2610897044490357,1.494587149359417,0.5856440734019295,0.051135381442100725,11.827989983211124
3.559726786512616,1.1230241146999098,1.6660906528128936,1.9599406587177013,0.25760722033372185,12.577838284319597
7.578461104643691,2.262197580663467,2.1576053348167914,1.2037631792726442,0.059524700347771686,25.350176313459237
0.14393488629755868,0.7042851018989993,0.6853642239938962,1.164845316414493,0.6037954529493877,0.9596856316593037
1.1607264050691624,0.8819349325311165,2.989001748170226,1.4961463588590642,0.6865899134926068,5.6708906760162225
0.4600264202175275,2.4918388636973985,2.9243794864403494,1.6235395761802751,0.11448763806590512,5.593479596120316
0.40728802318970136,2.0946272475227397,1.9509770590408106,1.3129572146630053,0.3838388830449795,5.957322975322134
8.554605840110073,4.5742295053405,0.5986273527874354,0.25619149273240005,0.456236508955542,33.40373012535488
7.036578593800237,1.8119694955831656,2.0406847272938737,0.6765350119889968,0.3690530217609166,22.5091362338961
4.741738290873252,2.9029417513902174,0.21659522693752753,1.8561672806520995,0.12102500048519305,19.692087617670598
0.9783416065100148,3.1613214395976517,0.0919575066174182,0.44923122368770385,0.4189477901874754,6.888420246705847
4.916158751168323,0.06547228294166818,0.773048665533641,0.7443340476750266,0.7511780478084181,14.838302429869332
4.734717707805657,3.317686860083553,1.387868870217949,0.864153765888392,0.07100766453325547,19.46638745206062
1.7320186991001518,0.8901798343487571,2.6048175162251415,0.8788099793889044,0.08018001408190345,8.567083345648507
4.33851649237973,4.805351587347276,2.181507209298924,1.225879164989051,0.3547712918359842,23.510881060083456
3.9850473439737346,0.7433136387655648,2.228119563599943,1.8861516754894152,0.941725711618925,14.147698405015197
6.158500980522165,2.0731206186351185,1.276480003344226,0.4813854236650099,0.668572646722914,21.736273574160244
6.350936508676438,0.4267483403932193,1.0378049776408886,0.24300275260183613,0.6786699566725648,20.566772663435977
0.4530400977204452,4.984371259229737,1.1131162889538082,0.39494097971987463,0.36191999083786497,9.90429260329871
3.746126146264712,2.510975051656213,2.9629486912081733,1.773849800418539,0.5936607912085384,14.981003786325532
6.258599157142363,2.976925086600219,0.12032757423744744,1.291621625310412,0.010131184027743378,25.04146204925361
5.031362585800877,0.3353823869421374,2.6010944883673455,0.5718135784783203,0.6360960464095422,16.145280120212007
8.564898411883222,3.749802351995889,1.7360262257171803,1.6318938779372345,0.9132869475762367,32.27378532652302
6.58693631618945,1.0495279654779288,1.3158462575687713,1.722739992726872,0.6125734683448192,22.307311883012115
1.629344270814297,4.490271447203568,2.1757729812454096,1.693028677380556,0.873698593466345,12.481875890595871
0.7056874740042984,1.0256982024100358,1.4600068242741084,1.837853067279109,0.7239730554660938,4.856536753830609
6.424192782063156,0.9534386033183329,2.620269714244982,0.5044820403467232,0.12055841640369025,20.14576227282189
0.26511310541621813,0.1827483392404744,2.7021055920337753,1.5100838574925566,0.9024533072858417,0.9623867248062562
5.8577558127346325,2.360334725549996,1.2651627806203662,0.92107899454828,0.06644384435577488,20.04683721573509
9.402302414249576,2.824205666313082,0.8304833917051547,1.683997105780123,0.5339674725477638,33.14970070911245
5.75474177875879,0.32854319714176183,1.7770509857800867,1.4569813543232264,0.14213712379345766,18.607045197397856
3.881699262065219,3.877638083475053,2.737090036850073,1.5528948929994493,0.011706610730904066,17.925181082925572
6.432882184423532,2.266444173740138,0.6319865670169997,1.312323675362143,0.422034260127639,24.583822377292158
4.582528904915167,2.6219513466379003,1.8688997506904483,0.35485753893941374,0.29504070765415624,17.822438069700386
5.45616789315935,2.2038137346911406,1.8946806602775617,1.0900538377938767,0.486000493797603,20.585966184006075
9.41464808776525,2.00381530437663,2.199339067245843,1.9693394790490164,0.5771998867345508,30.446566287088658
3.8610263780077423,2.7982016565410897,0.3947030553817794,1.8747761329942378,0.04373907230894736,15.415151452514934
9.611905638239142,0.7762012296535625,2.147474894046266,0.08634747159402334,0.12300329512374564,30.757058164325418
9.053506419560637,0.9096406524763556,2.727097561996923,0.32962963145887425,0.5586423964504253,29.6534035463648
1.9579113478929644,4.3089281050675865,0.5390493266107259,0.2634575469091238,0.34316735317265823,12.21474293020242
0.6936130087516545,4.7305773106681634,0.7126299747716329,1.451959819970591,0.729173487549448,9.469692484173866
1.0077800137742665,1.8665465813987647,2.914185282124919,1.6355706597138902,0.6522916485919397,4.631431991036107
0.18221825651549728,1.353723365717769,0.5429308581284693,0.4270227326213438,0.8456043629899068,2.6430127988114887
0.944429607559284,3.2199977161950786,2.563155280108737,1.011705385903658,0.6924928266692253,8.899914973824869
6.830067734163569,2.043670855490482,1.4768335693441044,1.6814060560224,0.42993107739014813,24.34588004052807
0.7118864846022899,0.1269317783017243,0.7416932232095311,1.4656030895325012,0.6729666223944324,3.163206153837882
3.189756302937613,0.7807629868309518,2.6122497038175343,1.0844744109836966,0.2753811742554185,10.927877663367934
8.448753109694545,3.579861144236988,1.3359157650079965,1.1806953809175458,0.3063134987782127,30.8762709534564
0.23271935735825866,3.294619709550757,1.5444520617890705,1.01672109383256,0.7889851599207933,5.374259076887861
8.144684825889358,0.13547996251741745,1.0777001081992972,0.5950969026376411,0.4464195164015822,25.55931259984753
2.8185477477339993,1.109860809664747,1.7788525543047822,1.1300439857180322,0.7983803405183525,10.940597572347686
1.1816482762165625,1.155373982940357,0.4905716177550683,1.3777706041001814,0.8224223736682784,6.1812358378871615
6.967371653641506,3.359463717993642,1.1732446099552822,1.7466458317216154,0.8575623376612838,25.84405686407804
6.28942846779884,0.09855268877182077,2.9082369670058625,1.2725827079584962,0.9166352358412073,17.32108913460361
8.77472013527053,0.5205429099228692,0.7744002981033826,1.522243074086316,0.43098522051329624,28.41762009270624
7.350710438038858,3.999580426865947,1.9702099936238766,0.320143269909146,0.31886681832113883,27.73209790756766
8.034809303848485,0.8927233102716681,0.9755701926740846,0.9231149488395798,0.5821987465941139,24.871836486206895
2.820345725713065,3.2637305392593734,2.320419377059802,0.018663239654186592,0.3711724234376276,14.235698109661064
1.7743954377972282,1.1909139052336326,0.3926209821550495,0.49335772904324604,0.601074166800233,7.018081614723121
7.506147516408584,0.4972069637967258,2.909463135235634,1.4529234302260097,0.7055858626438246,24.676982310289375
8.06834739267264,1.2158609549972703,1.3613686241509177,1.983619902698727,0.6884050184921369,26.99004206933659
9.905051420006734,3.6113346592782958,0.7081513900393919,0.1983561991744318,0.37455288702012135,36.00300201564818
4.126176769114265,4.278482340531429,0.22049024199003797,0.8029886317225765,0.16686020169875282,17.51372820778878
3.720180857927832,4.151099322834958,0.5092737152626222,1.600141937398319,0.43052933846220753,18.814400212653435
7.764129607419968,1.9859176480922742,1.559321845668053,0.4080712692577977,0.14259414408190874,26.60381289767313
3.4080354025301784,3.3404256828532306,1.011009529293859,1.1101698986045725,0.8900970351838083,15.310516110216083
9.307573256035647,1.0249214770791049,2.4866500976478285,1.4661425920593496,0.3458774607378574,29.776429181436782
8.584127518430119,1.4657386513050663,1.2926625709854178,1.231970900520358,0.15445974722332378,26.251985172961298
4.289940273750183,4.4816790926055985,0.7461428177628897,0.37604946923083227,0.025447759905750877,20.013716151592494
7.508710677914974,0.06500961755368018,1.85143495981209,0.7107691373714788,0.6458223862864843,21.917186145036613
7.545428740846823,0.4275426542723404,2.1203316506563374,1.5675835689707944,0.6369023174547432,22.24338107683282
1.031238688359326,1.0394312757301365,0.5011257237028496,1.1084530282640332,0.34060416658129167,3.300805875745938
9.025529066795666,0.13266101936909858,0.502857648864953,0.010459227085825473,0.071711888847651,28.424123048854398
5.052523724478571,0.9071771754489866,0.11001428080062892,1.5219815200561877,0.409628894895232,16.09388799036402
8.264574661077416,2.915207804848461,2.2092060451969218,0.07062270988047814,0.3112174950633936,30.855872147953136
3.2004960103061175,2.1071227529624896,1.9914135828654151,1.4914675654624643,0.6771206397350094,12.564931017177294
8.955232284962005,4.4633585553848745,1.4238926272494417,0.4049611203304748,0.6057792494526903,32.156266355096726
3.892016787341631,4.087217808692205,2.5325113469075915,1.9161469602387604,0.36459372819754,16.87264949921331
0.1083765148029836,1.7090867584893799,2.4170104588501595,0.735881502604169,0.2178925542549901,4.233517579277454
9.053819764192637,1.2971171671564625,1.7560630931902566,0.6538632326761582,0.9880359661555919,29.445254848453732
0.9128667678613356,1.8984620408363346,2.6048138415397757,0.29777610066488935,0.45400162119611487,5.265006878945965
3.1931363759041487,2.9514747125740386,0.6175236301103048,0.6112084309804298,0.688274235780237,14.51077654031641
9.50061967050805,1.3403182041143813,0.33575885819318363,1.7533015236564011,0.14055296757836078,31.084395537652444
9.506071469375561,3.12074453924567,0.8092488345509689,1.9926686752544946,0.4855896996593978,34.559524882727345
5.734378881232861,2.0470582609562022,0.17126056826794456,0.7366190610136967,0.027536719869465487,21.735991624960548
6.318372121697992,2.7602359042599014,1.593508584003096,0.8972212619090851,0.50545511791045,22.98842913464997
4.4844552197831975,2.1806326456765834,2.8098170768848845,1.444141876405474,0.9640174071177023,15.880275645341282
2.9321077169806453,1.4723287977095882,0.11803062200552894,1.772391560930149,0.3842067129858002,10.78345454287594
3.2866454536991596,4.742266534810783,0.3663297420300804,1.1860886683735683,0.03899601257491159,17.253114676183998
6.725184560770384,3.818028970798804,1.3565970848503057,0.7830513963556587,0.03095579091934353,24.95431610775842
7.5237452943768,0.7005658788322627,2.8016250525837147,0.8252436816972475,0.3879867599468695,22.858927166457185
7.915790437258485,4.342339879489564,0.9484683149302515,1.3912362929936137,0.16002493646319405,30.68468148079128
7.896181427945539,2.437155991247568,1.5217044260651773,0.006436527208557363,0.023352096328185912,27.307301967301612
0.9120610304869037,4.472761134470457,0.12471857715117629,1.2391786749196814,0.7562136139501768,9.856228595553073
4.944203047025814,3.999276279736576,0.4450296028862666,0.7109860208827148,0.4585230088818907,20.302289730423183
0.5755876001664428,2.126067522346167,2.9598903688765406,1.5883946625541685,0.2892447719726545,4.83008575579914
5.495288823237355,0.11234654160058699,2.8953560893081365,0.18598127964626432,0.9000831830164807,16.180194729352884
4.41530501373377,1.3433867969247304,0.014819942803228847,1.176404533896781,0.11613896020052561,16.209263127813454
8.877041827582998,2.7081710733043347,2.855435356269717,0.9619457797722475,0.9559188289553192,32.20659084190691
3.5091501255207866,3.1673910991307364,1.917359813446501,1.2846510518104548,0.3139667173773528,13.58933252170905
1.1706701642760586,1.2894384271660115,2.6037548835600663,0.1297071889659367,0.8884036723086812,4.960859109539124
1.4299168205283586,0.6967803703641207,1.3642195669015773,1.1599675748562626,0.6029428764794615,4.139863200280908
7.615106317174723,4.174651183996495,1.5467880857377507,1.1229691759190474,0.8267073597414875,28.87062547298276
6.182180633162611,4.92201090351776,1.4665397407707605,1.1213201888323419,0.9840131632104643,26.338126866579348
1.0112267612279024,2.628450911513429,2.000592772638313,1.2069753331929096,0.2884054378187457,5.670914150164694
0.8410680611499743,0.8583964292415175,0.4189537642689387,1.3529358744527245,0.961135485407593,3.369506756890683
7.009691314591199,1.3615366325968448,0.08992076961803386,1.6099779993615395,0.38948189490242036,22.262162468038575
0.7276300636419353,0.09195338273733367,0.9237898247735727,0.5396414402564287,0.3855119047369223,2.720843546799211
8.218600592903563,4.571494032802495,2.11404228820994,1.6500988203601241,0.3403871042545057,31.752580717077933
7.062422271564962,0.5887554144507057,0.6055603563688451,0.9965113645269073,0.5414076073475852,21.619366186707488
0.8134878064189976,2.882582377571268,2.020297299974752,0.15411655826866233,0.1541450431784871,7.018230379342536
0.8483771408519192,1.37027610343603,2.9097361383218114,0.1171018584879584,0.5537114853580112,4.330721235801542
9.866395785011754,2.770890012578967,0.28170214736825516,0.6684766373921216,0.541704812410004,33.754719669782666
3.742707957561203,3.257101941759321,2.017806354675379,1.569793954222935,0.76190181260487,18.168179781923563
3.706421470668909,4.1487090185360085,1.3312506579137136,1.4153618694818315,0.8336499619375856,19.099613972569884
8.127995672575025,1.032106358803016,2.604426763132516,1.5772299293448129,0.44044135031242404,24.852785994158214
9.472485773838587,0.05497914329240239,0.5314493683421577,1.0345381128832187,0.30233324935149375,29.480825079009286
9.860010638228708,0.6844281503440364,2.0778778566784935,0.8803979959109811,0.25933489731709447,31.54773814335232
7.533781852589416,4.500093209240525,2.5143458689443308,0.2949050534125679,0.19462383670487193,28.300534001228854
3.762595855309158,4.369450387812576,2.8338426584220695,0.6563855072186231,0.05764758219902488,18.68956458250071
0.8350071669866876,2.9870655108515414,2.049744084868937,0.8680387323477505,0.34244797883471334,8.694775675067284
7.771469159274368,3.002584302168267,1.4915242920252818,0.17720085935923446,0.27024769213078326,26.830862970896483
5.58404249735805,3.3251833727312774,1.8535417206036415,0.4412239054224225,0.9664173858664074,21.305608423090007
4.242220092469763,0.876856393117248,2.6067149534361547,1.1964505881274776,0.5577088262500439,15.338460747053684
9.06354385094736,4.572059729624799,1.7118292399164892,1.4713262284783797,0.34727703903050755,34.493854977620174
1.1119748230615134,2.0938526244603657,0.09116117909051058,1.9966950227858993,0.580467600993696,7.31841348161146
4.926251042908591,1.9156926412474873,2.7928460865209335,1.8662266626871153,0.1391967013456955,18.062479657670348
0.11353644767419069,2.5945885264141877,2.0685802530946833,1.285130399070383,0.4440437492022029,4.8452099281731
4.6866064199412625,0.23482983387527523,2.0295401573317395,0.842496106588144,0.6262343214210638,13.398709043036147
0.5630327568183735,0.831416843780397,0.6470254571931515,1.2723547294164654,0.4888978317924514,4.22799015864339
1.1881791626807192,3.6901680821318523,1.9766564106979716,1.571303236160464,0.40177880065432425,10.470269003994872
1.1752624677710488,0.41399333962563234,1.1815932169624754,0.23667238184677464,0.9938483888996982,4.414310863133416
6.492103021160636,3.015760547331941,1.9536989311244763,0.8198097793925765,0.880314762148927,24.39663031574042
7.460448792654233,1.2267455484066048,0.31977909092397216,1.6796045712712344,0.6234059581594401,23.002060177096602
5.833687650971596,1.9464780702098827,1.973535913809108,0.767665903866088,0.5693773611822828,21.219723494838586
9.621725484745419,1.4434686838534994,2.998241177312,1.143744542454373,0.620660479824584,31.912767161642943
3.748705795237041,1.7783635823247457,0.14463611658166808,1.1755387217243964,0.20131210782243325,13.952127796110148
2.8571208628186073,3.5952295259212272,2.931522552663952,0.3689525062672787,0.3951377432643186,15.286129108840324
8.685991281894603,1.4856085781158752,1.220723882168612,0.7244708833045768,0.03945953289089932,27.972039248323135
2.235958385194526,2.832023201484486,2.6122603510117774,0.6690225774838643,0.47554603748682667,11.75828890244732
9.632225394406113,2.3802520109954983,2.3471564521748203,0.05239341706412959,0.5430245839576632,31.718902152998297
0.12154474689816341,3.3183558268132405,1.7010487829600034,0.04838352778271049,0.2277497361032096,5.432490698091717
9.69878826707639,4.68414869662379,2.2153476277539794,1.663394087351547,0.9640288471655137,36.430248011844775
0.43159911950576113,3.6628604860512515,2.635546683904044,0.5461416199456248,0.909454610937242,7.469123315103723
8.911431136980712,1.074701892953784,1.212420964953099,1.0361575324776309,0.7221432354559059,28.337890939267403
5.277011090862999,0.15591567530642336,0.9810994846897161,0.5974511471775461,0.5333866287653626,16.200127504259648
9.929647961193004,1.3113202214991255,2.002780156690754,1.881358490230681,0.869969159647685,33.01695596709305
0.7379656473539886,2.9753896535012743,2.4235378258237756,0.5185935177315475,0.1306523438234629,6.305543356987392
5.538542844013207,0.25712906742125174,2.286855404329847,0.8593136254778702,0.790509794274885,15.78999992957026
9.69302535619099,2.481831236006182,2.3934409465759034,1.7454605009692037,0.1248208139668483,34.613817233771094
5.230978441701488,2.984214244584446,1.306749944438799,1.6838671335836173,0.7942106625494054,21.94781610194632
6.293986381352625,1.6712194540848042,2.453502648525065,0.37220283569255463,0.27576756825135695,20.23440941420514
6.957486889846171,3.8545610187291097,0.3606271661118253,1.6052866195914208,0.8770905810181889,27.782555293386466
4.545410647677732,0.532991265668859,1.6334672938825485,0.9163737734757853,0.9440420938253978,14.40476511789784
6.275580800840634,0.3756889086790438,0.01727598149436471,0.9659377441707104,0.14879596940511564,19.728160965574084
5.843143119231002,3.6409437810180165,0.9737574897008109,0.26695994483188756,0.4626756050653935,23.516406960766222
9.01158010490989,2.4774565810309923,1.0993846046141935,0.1612030275142493,0.9809873781626851,31.007011075041177
0.4544638034145787,3.44201198213868,1.1885180748277662,1.4558786139475304,0.4834074359731466,5.984347435851933
2.809631895922303,2.174136693018731,2.0864016200695863,0.9929223047105995,0.8635475225145451,11.431333436236018
9.504114840765588,1.232010166195534,1.1656743038110373,0.8737014052303591,0.5887315221313199,29.738533617174483
8.902637838909163,4.095511588370998,1.346080867867592,1.4590164573047935,0.37532990791960186,32.207023645013344
4.55656752785713,3.997079394844896,0.7126323926229824,1.5310257979822195,0.2857835555258702,19.74103516355231
6.201325978015367,3.473482354272134,1.1197553748880202,0.3178163353387071,0.20322309108608727,23.200053021886593
2.7738118298113266,1.3607256861498134,0.6818088817894544,1.2204502989552826,0.7617981913776972,11.425475180060168
1.881211597237613,2.9511533343454355,0.21958777130533091,0.27070816455537106,0.3865405068230279,11.750881201978435
4.636984049399821,1.8048694847001339,1.8103457801441336,1.5027501720580914,0.5112754622007512,16.293840864979998
3.533522280260528,0.45791036663317075,2.0046383956650486,1.313910312534279,0.4923254800011819,11.772999631267309
5.836561118508721,4.586567877311214,1.8584710380288434,1.913229242166916,0.5772790292331312,25.177859796412488
0.7773463696498484,0.684093154594807,1.390482131401717,0.13791603271284236,0.8655771456245522,4.2629696845733065
9.743948076661665,4.751186769104012,1.1393573405376896,0.11410944230250863,0.9807393435834294,36.92494932334881
9.86210744479603,2.230028864789779,2.590000948715476,0.5643741493864003,0.40758420857381694,33.877840154219385
